ID,ClassName,Created,LastEdited,Name,Title,Filename,Content,Sort,ParentID,OwnerIDSortOrder
"1","Image","2010-06-02 12:43:59","2010-06-02 12:43:59","campfire.png","campfire.png","assets/campfire.png",\N,"0","0","1","0"
"4","Folder","2010-07-07 14:25:17","2010-07-07 14:25:17","screenshots","screenshots","assets/screenshots/",\N,"0","0","2","0"
"5","Image","2010-07-07 14:25:17","2010-07-07 14:25:17","-1.jpg","-1.jpg","assets/screenshots/-1.jpg",\N,"0","4","2","0"
"6","Image","2010-07-07 14:25:17","2010-07-07 14:25:17","Screen shot 2010-06-28 at 2.25.39 PM.png","Screen shot 2010-06-28 at 2.25.39 PM.png","assets/screenshots/Screen shot 2010-06-28 at 2.25.39 PM.png",\N,"0","4","2","0"
"7","Image","2010-07-07 14:25:17","2010-07-07 14:25:17","Screen shot 2010-06-28 at 2.37.55 PM.png","Screen shot 2010-06-28 at 2.37.55 PM.png","assets/screenshots/Screen shot 2010-06-28 at 2.37.55 PM.png",\N,"0","4","2","0"
"8","Image","2010-07-07 14:25:17","2010-07-07 14:25:17","Screen shot 2010-06-28 at 2.38.07 PM.png","Screen shot 2010-06-28 at 2.38.07 PM.png","assets/screenshots/Screen shot 2010-06-28 at 2.38.07 PM.png",\N,"0","4","2","0"
"9","Image","2010-07-07 14:25:17","2010-07-07 14:25:17","Screen shot 2010-06-28 at 2.38.28 PM.png","Screen shot 2010-06-28 at 2.38.28 PM.png","assets/screenshots/Screen shot 2010-06-28 at 2.38.28 PM.png",\N,"0","4","2","0"
"10","Image","2010-07-07 14:25:18","2010-07-07 14:25:18","Screen shot 2010-06-28 at 2.38.49 PM.png","Screen shot 2010-06-28 at 2.38.49 PM.png","assets/screenshots/Screen shot 2010-06-28 at 2.38.49 PM.png",\N,"0","4","2","0"
"11","Image","2010-07-07 14:25:18","2010-07-07 14:25:18","Screen shot 2010-06-28 at 2.39.16 PM.png","Screen shot 2010-06-28 at 2.39.16 PM.png","assets/screenshots/Screen shot 2010-06-28 at 2.39.16 PM.png",\N,"0","4","2","0"
"12","Image","2010-07-07 14:25:18","2010-07-07 14:25:18","Screen shot 2010-06-28 at 2.39.30 PM.png","Screen shot 2010-06-28 at 2.39.30 PM.png","assets/screenshots/Screen shot 2010-06-28 at 2.39.30 PM.png",\N,"0","4","2","0"
"13","Image","2010-07-07 14:25:18","2010-07-07 14:25:18","Screen shot 2010-06-28 at 2.52.34 PM.png","Screen shot 2010-06-28 at 2.52.34 PM.png","assets/screenshots/Screen shot 2010-06-28 at 2.52.34 PM.png",\N,"0","4","2","0"
"14","Image","2010-07-07 14:25:18","2010-07-07 14:25:18","Screen shot 2010-06-28 at 2.53.24 PM.png","Screen shot 2010-06-28 at 2.53.24 PM.png","assets/screenshots/Screen shot 2010-06-28 at 2.53.24 PM.png",\N,"0","4","2","0"
"15","Image","2010-07-07 14:25:18","2010-07-07 14:25:18","Screen shot 2010-06-28 at 2.53.50 PM.png","Screen shot 2010-06-28 at 2.53.50 PM.png","assets/screenshots/Screen shot 2010-06-28 at 2.53.50 PM.png",\N,"0","4","2","0"
"16","Image","2010-07-07 14:25:18","2010-07-07 14:25:18","Screen shot 2010-06-28 at 2.55.10 PM.png","Screen shot 2010-06-28 at 2.55.10 PM.png","assets/screenshots/Screen shot 2010-06-28 at 2.55.10 PM.png",\N,"0","4","2","0"
"17","Image","2010-07-07 14:25:18","2010-07-07 14:25:18","Screen shot 2010-06-28 at 3.06.02 PM.png","Screen shot 2010-06-28 at 3.06.02 PM.png","assets/screenshots/Screen shot 2010-06-28 at 3.06.02 PM.png",\N,"0","4","2","0"
"18","Image","2010-07-07 14:25:18","2010-07-07 14:25:18","Screen shot 2010-06-28 at 3.06.16 PM.png","Screen shot 2010-06-28 at 3.06.16 PM.png","assets/screenshots/Screen shot 2010-06-28 at 3.06.16 PM.png",\N,"0","4","2","0"
"19","Image","2010-07-07 14:25:18","2010-07-07 14:25:18","Screen shot 2010-06-28 at 3.06.32 PM.png","Screen shot 2010-06-28 at 3.06.32 PM.png","assets/screenshots/Screen shot 2010-06-28 at 3.06.32 PM.png",\N,"0","4","2","0"
"20","Image","2010-07-07 14:25:18","2010-07-07 14:25:18","Screen shot 2010-06-28 at 3.06.49 PM.png","Screen shot 2010-06-28 at 3.06.49 PM.png","assets/screenshots/Screen shot 2010-06-28 at 3.06.49 PM.png",\N,"0","4","2","0"
"21","Image","2010-07-07 14:25:18","2010-07-07 14:25:18","Screen shot 2010-06-28 at 3.06.58 PM.png","Screen shot 2010-06-28 at 3.06.58 PM.png","assets/screenshots/Screen shot 2010-06-28 at 3.06.58 PM.png",\N,"0","4","2","0"
"22","Image","2010-07-07 14:25:18","2010-07-07 14:25:18","Screen shot 2010-06-28 at 3.07.14 PM.png","Screen shot 2010-06-28 at 3.07.14 PM.png","assets/screenshots/Screen shot 2010-06-28 at 3.07.14 PM.png",\N,"0","4","2","0"
"23","Image","2010-07-07 14:25:18","2010-07-07 14:25:18","Screen shot 2010-06-28 at 3.09.34 PM.png","Screen shot 2010-06-28 at 3.09.34 PM.png","assets/screenshots/Screen shot 2010-06-28 at 3.09.34 PM.png",\N,"0","4","2","0"
"24","Image","2010-07-07 14:25:18","2010-07-07 14:25:18","Screen shot 2010-06-28 at 3.09.48 PM.png","Screen shot 2010-06-28 at 3.09.48 PM.png","assets/screenshots/Screen shot 2010-06-28 at 3.09.48 PM.png",\N,"0","4","2","0"
"25","Image","2010-07-07 14:25:18","2010-07-07 14:25:18","Screen shot 2010-06-28 at 3.12.58 PM.png","Screen shot 2010-06-28 at 3.12.58 PM.png","assets/screenshots/Screen shot 2010-06-28 at 3.12.58 PM.png",\N,"0","4","2","0"
"26","Image","2010-07-07 14:25:18","2010-07-07 14:25:18","Screen shot 2010-06-28 at 3.14.24 PM.png","Screen shot 2010-06-28 at 3.14.24 PM.png","assets/screenshots/Screen shot 2010-06-28 at 3.14.24 PM.png",\N,"0","4","2","0"
"27","Image","2010-07-07 14:25:18","2010-07-07 14:25:18","Screen shot 2010-06-28 at 3.19.29 PM.png","Screen shot 2010-06-28 at 3.19.29 PM.png","assets/screenshots/Screen shot 2010-06-28 at 3.19.29 PM.png",\N,"0","4","2","0"
"28","Image","2010-07-07 14:25:18","2010-07-07 14:25:18","Screen shot 2010-06-28 at 3.25.18 PM.png","Screen shot 2010-06-28 at 3.25.18 PM.png","assets/screenshots/Screen shot 2010-06-28 at 3.25.18 PM.png",\N,"0","4","2","0"
"29","Image","2010-07-07 14:25:18","2010-07-07 14:25:18","Screen shot 2010-06-28 at 3.25.37 PM.png","Screen shot 2010-06-28 at 3.25.37 PM.png","assets/screenshots/Screen shot 2010-06-28 at 3.25.37 PM.png",\N,"0","4","2","0"
"30","Image","2010-07-07 14:25:18","2010-07-07 14:25:18","Screen shot 2010-06-28 at 3.26.44 PM.png","Screen shot 2010-06-28 at 3.26.44 PM.png","assets/screenshots/Screen shot 2010-06-28 at 3.26.44 PM.png",\N,"0","4","2","0"
"31","Image","2010-07-07 14:25:18","2010-07-07 14:25:18","Screen shot 2010-06-28 at 3.26.54 PM.png","Screen shot 2010-06-28 at 3.26.54 PM.png","assets/screenshots/Screen shot 2010-06-28 at 3.26.54 PM.png",\N,"0","4","2","0"
"32","Image","2010-07-07 14:25:18","2010-07-07 14:25:18","Screen shot 2010-06-28 at 3.27.26 PM.png","Screen shot 2010-06-28 at 3.27.26 PM.png","assets/screenshots/Screen shot 2010-06-28 at 3.27.26 PM.png",\N,"0","4","2","0"
"33","Image","2010-07-07 14:25:18","2010-07-07 14:25:18","Screen shot 2010-06-28 at 3.27.57 PM.png","Screen shot 2010-06-28 at 3.27.57 PM.png","assets/screenshots/Screen shot 2010-06-28 at 3.27.57 PM.png",\N,"0","4","2","0"
"34","Image","2010-07-07 14:25:18","2010-07-07 14:25:18","Screen shot 2010-06-28 at 3.34.19 PM.png","Screen shot 2010-06-28 at 3.34.19 PM.png","assets/screenshots/Screen shot 2010-06-28 at 3.34.19 PM.png",\N,"0","4","2","0"
"35","Image","2010-07-07 14:25:18","2010-07-07 14:25:18","Screen shot 2010-06-28 at 3.34.35 PM.png","Screen shot 2010-06-28 at 3.34.35 PM.png","assets/screenshots/Screen shot 2010-06-28 at 3.34.35 PM.png",\N,"0","4","2","0"
"36","Image","2010-07-07 14:25:18","2010-07-07 14:25:18","Screen shot 2010-06-28 at 3.34.54 PM.png","Screen shot 2010-06-28 at 3.34.54 PM.png","assets/screenshots/Screen shot 2010-06-28 at 3.34.54 PM.png",\N,"0","4","2","0"
"37","Image","2010-07-07 14:25:18","2010-07-07 14:25:18","Screen shot 2010-06-28 at 3.35.11 PM.png","Screen shot 2010-06-28 at 3.35.11 PM.png","assets/screenshots/Screen shot 2010-06-28 at 3.35.11 PM.png",\N,"0","4","2","0"
"38","Image","2010-07-07 14:25:18","2010-07-07 14:25:18","Screen shot 2010-06-28 at 3.36.07 PM.png","Screen shot 2010-06-28 at 3.36.07 PM.png","assets/screenshots/Screen shot 2010-06-28 at 3.36.07 PM.png",\N,"0","4","2","0"
"39","Image","2010-07-07 14:25:18","2010-07-07 14:25:18","Screen shot 2010-06-28 at 3.36.25 PM.png","Screen shot 2010-06-28 at 3.36.25 PM.png","assets/screenshots/Screen shot 2010-06-28 at 3.36.25 PM.png",\N,"0","4","2","0"
"40","Image","2010-07-07 14:25:18","2010-07-07 14:25:18","Screen shot 2010-06-28 at 3.36.53 PM.png","Screen shot 2010-06-28 at 3.36.53 PM.png","assets/screenshots/Screen shot 2010-06-28 at 3.36.53 PM.png",\N,"0","4","2","0"
"41","Image","2010-07-07 14:25:18","2010-07-07 14:25:18","Screen shot 2010-06-28 at 3.37.33 PM.png","Screen shot 2010-06-28 at 3.37.33 PM.png","assets/screenshots/Screen shot 2010-06-28 at 3.37.33 PM.png",\N,"0","4","2","0"
"42","Image","2010-07-07 14:25:18","2010-07-07 14:25:18","Screen shot 2010-06-28 at 3.38.05 PM.png","Screen shot 2010-06-28 at 3.38.05 PM.png","assets/screenshots/Screen shot 2010-06-28 at 3.38.05 PM.png",\N,"0","4","2","0"
"43","Image","2010-07-07 14:25:18","2010-07-07 14:25:18","Screen shot 2010-06-28 at 3.46.43 PM.png","Screen shot 2010-06-28 at 3.46.43 PM.png","assets/screenshots/Screen shot 2010-06-28 at 3.46.43 PM.png",\N,"0","4","2","0"
"44","Image","2010-07-07 14:25:18","2010-07-07 14:25:18","Screen shot 2010-06-28 at 4.18.07 PM.png","Screen shot 2010-06-28 at 4.18.07 PM.png","assets/screenshots/Screen shot 2010-06-28 at 4.18.07 PM.png",\N,"0","4","2","0"
"45","Image","2010-07-07 14:25:18","2010-07-07 14:25:18","Screen shot 2010-06-28 at 4.19.16 PM.png","Screen shot 2010-06-28 at 4.19.16 PM.png","assets/screenshots/Screen shot 2010-06-28 at 4.19.16 PM.png",\N,"0","4","2","0"
"46","Image","2010-07-07 14:25:18","2010-07-07 14:25:18","Screen shot 2010-06-28 at 4.19.34 PM.png","Screen shot 2010-06-28 at 4.19.34 PM.png","assets/screenshots/Screen shot 2010-06-28 at 4.19.34 PM.png",\N,"0","4","2","0"
"47","Image","2010-07-07 14:25:18","2010-07-07 14:25:18","Screen shot 2010-06-28 at 4.19.50 PM.png","Screen shot 2010-06-28 at 4.19.50 PM.png","assets/screenshots/Screen shot 2010-06-28 at 4.19.50 PM.png",\N,"0","4","2","0"
"48","Image","2010-07-07 14:25:18","2010-07-07 14:25:18","Screen shot 2010-06-28 at 4.20.02 PM.png","Screen shot 2010-06-28 at 4.20.02 PM.png","assets/screenshots/Screen shot 2010-06-28 at 4.20.02 PM.png",\N,"0","4","2","0"
"49","Image","2010-07-07 14:25:18","2010-07-07 14:25:18","Screen shot 2010-06-28 at 4.20.46 PM.png","Screen shot 2010-06-28 at 4.20.46 PM.png","assets/screenshots/Screen shot 2010-06-28 at 4.20.46 PM.png",\N,"0","4","2","0"
"50","Image","2010-07-07 14:25:18","2010-07-07 14:25:18","Screen shot 2010-06-28 at 4.20.53 PM.png","Screen shot 2010-06-28 at 4.20.53 PM.png","assets/screenshots/Screen shot 2010-06-28 at 4.20.53 PM.png",\N,"0","4","2","0"
"51","Image","2010-07-07 14:25:18","2010-07-07 14:25:18","Screen shot 2010-06-28 at 5.01.52 PM.png","Screen shot 2010-06-28 at 5.01.52 PM.png","assets/screenshots/Screen shot 2010-06-28 at 5.01.52 PM.png",\N,"0","4","2","0"
"52","Image","2010-07-07 14:25:18","2010-07-07 14:25:18","Screen shot 2010-06-28 at 5.02.19 PM.png","Screen shot 2010-06-28 at 5.02.19 PM.png","assets/screenshots/Screen shot 2010-06-28 at 5.02.19 PM.png",\N,"0","4","2","0"
"53","Image","2010-07-07 14:25:18","2010-07-07 14:25:18","Screen shot 2010-06-28 at 5.02.30 PM.png","Screen shot 2010-06-28 at 5.02.30 PM.png","assets/screenshots/Screen shot 2010-06-28 at 5.02.30 PM.png",\N,"0","4","2","0"
"54","Image","2010-07-07 14:25:18","2010-07-07 14:25:18","Screen shot 2010-06-28 at 5.02.50 PM.png","Screen shot 2010-06-28 at 5.02.50 PM.png","assets/screenshots/Screen shot 2010-06-28 at 5.02.50 PM.png",\N,"0","4","2","0"
"55","Image","2010-07-07 14:25:18","2010-07-07 14:25:18","Screen shot 2010-06-28 at 5.02.57 PM.png","Screen shot 2010-06-28 at 5.02.57 PM.png","assets/screenshots/Screen shot 2010-06-28 at 5.02.57 PM.png",\N,"0","4","2","0"
"56","Image","2010-07-07 14:25:18","2010-07-07 14:25:18","Screen shot 2010-06-28 at 5.04.22 PM.png","Screen shot 2010-06-28 at 5.04.22 PM.png","assets/screenshots/Screen shot 2010-06-28 at 5.04.22 PM.png",\N,"0","4","2","0"
"57","Image","2010-07-07 14:25:18","2010-07-07 14:25:18","Screen shot 2010-06-28 at 5.04.43 PM.png","Screen shot 2010-06-28 at 5.04.43 PM.png","assets/screenshots/Screen shot 2010-06-28 at 5.04.43 PM.png",\N,"0","4","2","0"
"58","Image","2010-07-07 14:25:18","2010-07-07 14:25:18","Screen shot 2010-06-28 at 5.05.21 PM.png","Screen shot 2010-06-28 at 5.05.21 PM.png","assets/screenshots/Screen shot 2010-06-28 at 5.05.21 PM.png",\N,"0","4","2","0"
"59","Image","2010-07-07 14:25:18","2010-07-07 14:25:18","Screen shot 2010-06-28 at 5.05.33 PM.png","Screen shot 2010-06-28 at 5.05.33 PM.png","assets/screenshots/Screen shot 2010-06-28 at 5.05.33 PM.png",\N,"0","4","2","0"
"60","Image","2010-07-07 14:25:18","2010-07-07 14:25:18","Screen shot 2010-06-28 at 5.05.40 PM.png","Screen shot 2010-06-28 at 5.05.40 PM.png","assets/screenshots/Screen shot 2010-06-28 at 5.05.40 PM.png",\N,"0","4","2","0"
"61","Image","2010-07-07 14:25:18","2010-07-07 14:25:18","Screen shot 2010-06-28 at 5.12.33 PM.png","Screen shot 2010-06-28 at 5.12.33 PM.png","assets/screenshots/Screen shot 2010-06-28 at 5.12.33 PM.png",\N,"0","4","2","0"
"62","Image","2010-07-07 14:25:18","2010-07-07 14:25:18","Screen shot 2010-06-28 at 5.13.03 PM.png","Screen shot 2010-06-28 at 5.13.03 PM.png","assets/screenshots/Screen shot 2010-06-28 at 5.13.03 PM.png",\N,"0","4","2","0"
"63","Image","2010-07-07 14:25:18","2010-07-07 14:25:18","Screen shot 2010-06-28 at 5.13.58 PM.png","Screen shot 2010-06-28 at 5.13.58 PM.png","assets/screenshots/Screen shot 2010-06-28 at 5.13.58 PM.png",\N,"0","4","2","0"
"64","Image","2010-07-07 14:25:18","2010-07-07 14:25:18","Screen shot 2010-06-28 at 5.14.11 PM.png","Screen shot 2010-06-28 at 5.14.11 PM.png","assets/screenshots/Screen shot 2010-06-28 at 5.14.11 PM.png",\N,"0","4","2","0"
"65","Image","2010-07-07 14:25:18","2010-07-07 14:25:18","Screen shot 2010-06-28 at 5.14.31 PM.png","Screen shot 2010-06-28 at 5.14.31 PM.png","assets/screenshots/Screen shot 2010-06-28 at 5.14.31 PM.png",\N,"0","4","2","0"
"66","Image","2010-07-07 14:25:18","2010-07-07 14:25:18","Screen shot 2010-06-29 at 10.11.24 AM.png","Screen shot 2010-06-29 at 10.11.24 AM.png","assets/screenshots/Screen shot 2010-06-29 at 10.11.24 AM.png",\N,"0","4","2","0"
"67","Image","2010-07-07 14:25:18","2010-07-07 14:25:18","Screen shot 2010-06-29 at 10.12.21 AM.png","Screen shot 2010-06-29 at 10.12.21 AM.png","assets/screenshots/Screen shot 2010-06-29 at 10.12.21 AM.png",\N,"0","4","2","0"
"68","Image","2010-07-07 14:25:18","2010-07-07 14:25:18","Screen shot 2010-06-29 at 10.12.31 AM.png","Screen shot 2010-06-29 at 10.12.31 AM.png","assets/screenshots/Screen shot 2010-06-29 at 10.12.31 AM.png",\N,"0","4","2","0"
"69","Image","2010-07-07 14:25:18","2010-07-07 14:25:18","Screen shot 2010-06-29 at 10.12.39 AM.png","Screen shot 2010-06-29 at 10.12.39 AM.png","assets/screenshots/Screen shot 2010-06-29 at 10.12.39 AM.png",\N,"0","4","2","0"
"70","Image","2010-07-07 14:25:18","2010-07-07 14:25:18","Screen shot 2010-06-29 at 10.23.10 AM.png","Screen shot 2010-06-29 at 10.23.10 AM.png","assets/screenshots/Screen shot 2010-06-29 at 10.23.10 AM.png",\N,"0","4","2","0"
"71","Image","2010-07-07 14:25:18","2010-07-07 14:25:18","Screen shot 2010-06-29 at 10.23.45 AM.png","Screen shot 2010-06-29 at 10.23.45 AM.png","assets/screenshots/Screen shot 2010-06-29 at 10.23.45 AM.png",\N,"0","4","2","0"
"72","Image","2010-07-07 14:25:18","2010-07-07 14:25:18","Screen shot 2010-06-29 at 10.41.37 AM.png","Screen shot 2010-06-29 at 10.41.37 AM.png","assets/screenshots/Screen shot 2010-06-29 at 10.41.37 AM.png",\N,"0","4","2","0"
"73","Image","2010-07-07 14:25:18","2010-07-07 14:25:18","Screen shot 2010-06-29 at 10.41.44 AM.png","Screen shot 2010-06-29 at 10.41.44 AM.png","assets/screenshots/Screen shot 2010-06-29 at 10.41.44 AM.png",\N,"0","4","2","0"
"74","Image","2010-07-07 14:25:18","2010-07-07 14:25:18","Screen shot 2010-06-29 at 10.42.03 AM.png","Screen shot 2010-06-29 at 10.42.03 AM.png","assets/screenshots/Screen shot 2010-06-29 at 10.42.03 AM.png",\N,"0","4","2","0"
"75","Image","2010-07-07 14:25:18","2010-07-07 14:25:18","Screen shot 2010-06-29 at 10.52.56 AM.png","Screen shot 2010-06-29 at 10.52.56 AM.png","assets/screenshots/Screen shot 2010-06-29 at 10.52.56 AM.png",\N,"0","4","2","0"
"76","Image","2010-07-07 14:25:18","2010-07-07 14:25:18","Screen shot 2010-06-29 at 10.53.17 AM.png","Screen shot 2010-06-29 at 10.53.17 AM.png","assets/screenshots/Screen shot 2010-06-29 at 10.53.17 AM.png",\N,"0","4","2","0"
"77","Image","2010-07-07 14:25:18","2010-07-07 14:25:18","Screen shot 2010-06-29 at 10.53.43 AM.png","Screen shot 2010-06-29 at 10.53.43 AM.png","assets/screenshots/Screen shot 2010-06-29 at 10.53.43 AM.png",\N,"0","4","2","0"
"78","Image","2010-07-07 14:25:18","2010-07-07 14:25:18","Screen shot 2010-06-29 at 10.53.49 AM.png","Screen shot 2010-06-29 at 10.53.49 AM.png","assets/screenshots/Screen shot 2010-06-29 at 10.53.49 AM.png",\N,"0","4","2","0"
"79","Image","2010-07-07 14:25:18","2010-07-07 14:25:18","Screen shot 2010-06-29 at 10.54.22 AM.png","Screen shot 2010-06-29 at 10.54.22 AM.png","assets/screenshots/Screen shot 2010-06-29 at 10.54.22 AM.png",\N,"0","4","2","0"
"80","Image","2010-07-07 14:25:18","2010-07-07 14:25:18","Screen shot 2010-06-29 at 11.05.17 AM.png","Screen shot 2010-06-29 at 11.05.17 AM.png","assets/screenshots/Screen shot 2010-06-29 at 11.05.17 AM.png",\N,"0","4","2","0"
"81","Image","2010-07-07 14:25:18","2010-07-07 14:25:18","Screen shot 2010-06-29 at 11.05.37 AM.png","Screen shot 2010-06-29 at 11.05.37 AM.png","assets/screenshots/Screen shot 2010-06-29 at 11.05.37 AM.png",\N,"0","4","2","0"
"82","Image","2010-07-07 14:25:18","2010-07-07 14:25:18","Screen shot 2010-06-29 at 11.05.47 AM.png","Screen shot 2010-06-29 at 11.05.47 AM.png","assets/screenshots/Screen shot 2010-06-29 at 11.05.47 AM.png",\N,"0","4","2","0"
"83","Image","2010-07-07 14:25:18","2010-07-07 14:25:18","Screen shot 2010-06-29 at 11.06.15 AM.png","Screen shot 2010-06-29 at 11.06.15 AM.png","assets/screenshots/Screen shot 2010-06-29 at 11.06.15 AM.png",\N,"0","4","2","0"
"84","Image","2010-07-07 14:25:18","2010-07-07 14:25:18","Screen shot 2010-06-29 at 11.06.23 AM.png","Screen shot 2010-06-29 at 11.06.23 AM.png","assets/screenshots/Screen shot 2010-06-29 at 11.06.23 AM.png",\N,"0","4","2","0"
"85","Image","2010-07-07 14:25:18","2010-07-07 14:25:18","Screen shot 2010-06-29 at 11.06.49 AM.png","Screen shot 2010-06-29 at 11.06.49 AM.png","assets/screenshots/Screen shot 2010-06-29 at 11.06.49 AM.png",\N,"0","4","2","0"
"86","Image","2010-07-07 14:25:18","2010-07-07 14:25:18","Screen shot 2010-06-29 at 11.06.55 AM.png","Screen shot 2010-06-29 at 11.06.55 AM.png","assets/screenshots/Screen shot 2010-06-29 at 11.06.55 AM.png",\N,"0","4","2","0"
"87","Image","2010-07-07 14:25:18","2010-07-07 14:25:18","Screen shot 2010-06-29 at 11.33.34 AM.png","Screen shot 2010-06-29 at 11.33.34 AM.png","assets/screenshots/Screen shot 2010-06-29 at 11.33.34 AM.png",\N,"0","4","2","0"
"88","Image","2010-07-07 14:25:18","2010-07-07 14:25:18","Screen shot 2010-06-29 at 11.33.39 AM.png","Screen shot 2010-06-29 at 11.33.39 AM.png","assets/screenshots/Screen shot 2010-06-29 at 11.33.39 AM.png",\N,"0","4","2","0"
"89","Image","2010-07-07 14:25:18","2010-07-07 14:25:18","Screen shot 2010-06-29 at 11.33.47 AM.png","Screen shot 2010-06-29 at 11.33.47 AM.png","assets/screenshots/Screen shot 2010-06-29 at 11.33.47 AM.png",\N,"0","4","2","0"
"90","Image","2010-07-07 14:25:18","2010-07-07 14:25:18","Screen shot 2010-06-29 at 11.34.37 AM.png","Screen shot 2010-06-29 at 11.34.37 AM.png","assets/screenshots/Screen shot 2010-06-29 at 11.34.37 AM.png",\N,"0","4","2","0"
"91","Image","2010-07-07 14:25:18","2010-07-07 14:25:18","Screen shot 2010-06-29 at 11.34.47 AM.png","Screen shot 2010-06-29 at 11.34.47 AM.png","assets/screenshots/Screen shot 2010-06-29 at 11.34.47 AM.png",\N,"0","4","2","0"
"92","Image","2010-07-07 14:25:18","2010-07-07 14:25:18","Screen shot 2010-06-29 at 11.35.59 AM.png","Screen shot 2010-06-29 at 11.35.59 AM.png","assets/screenshots/Screen shot 2010-06-29 at 11.35.59 AM.png",\N,"0","4","2","0"
"93","Image","2010-07-07 14:25:18","2010-07-07 14:25:18","Screen shot 2010-06-29 at 11.36.05 AM.png","Screen shot 2010-06-29 at 11.36.05 AM.png","assets/screenshots/Screen shot 2010-06-29 at 11.36.05 AM.png",\N,"0","4","2","0"
"94","Image","2010-07-07 14:25:18","2010-07-07 14:25:18","ihavecake.jpg","ihavecake.jpg","assets/screenshots/ihavecake.jpg",\N,"0","4","2","0"
"95","Image","2010-07-07 14:25:18","2010-07-07 14:25:18","t2 (1 of 11).jpg","t2 (1 of 11).jpg","assets/screenshots/t2 (1 of 11).jpg",\N,"0","4","2","0"
"96","Image","2010-07-07 14:25:18","2010-07-07 14:25:18","t2 (5 of 11).jpg","t2 (5 of 11).jpg","assets/screenshots/t2 (5 of 11).jpg",\N,"0","4","2","0"
"97","Image","2010-07-07 14:25:18","2010-07-07 14:25:18","t2 (8 of 11).jpg","t2 (8 of 11).jpg","assets/screenshots/t2 (8 of 11).jpg",\N,"0","4","2","0"
"98","File","2010-07-07 18:14:58","2010-07-07 18:14:58","Pane-View","Pane-View","assets/screenshots/Pane-View",\N,"0","4","2","0"
"99","File","2010-07-07 18:17:50","2010-07-07 18:17:50","Pane-View_2","Pane-View_2","assets/screenshots/Pane-View_2",\N,"0","4","2","0"
"100","Image","2010-07-07 18:18:15","2010-07-07 18:18:15","Pane-View.png","Pane-View.png","assets/screenshots/Pane-View.png",\N,"0","4","2","0"
"101","Image","2010-07-08 12:42:23","2010-07-08 12:42:23","Screen-shot-2010-07-08-at-12.42.01-PM.png","Screen-shot-2010-07-08-at-12.42.01-PM.png","assets/screenshots/Screen-shot-2010-07-08-at-12.42.01-PM.png",\N,"0","4","2","0"
"102","Image","2010-07-08 13:30:58","2010-07-08 13:30:58","Screen-shot-2010-07-08-at-1.30.39-PM.png","Screen-shot-2010-07-08-at-1.30.39-PM.png","assets/screenshots/Screen-shot-2010-07-08-at-1.30.39-PM.png",\N,"0","4","2","0"
"103","Image","2010-07-08 13:31:46","2010-07-08 13:31:46","Screen-shot-2010-07-08-at-1.31.32-PM.png","Screen-shot-2010-07-08-at-1.31.32-PM.png","assets/screenshots/Screen-shot-2010-07-08-at-1.31.32-PM.png",\N,"0","4","2","0"
"104","Image","2010-07-08 13:34:30","2010-07-08 13:34:30","Screen-shot-2010-07-08-at-1.33.48-PM.png","Screen-shot-2010-07-08-at-1.33.48-PM.png","assets/screenshots/Screen-shot-2010-07-08-at-1.33.48-PM.png",\N,"0","4","2","0"
"105","Image","2010-07-08 14:02:27","2010-07-08 14:02:27","Screen-shot-2010-07-08-at-2.02.05-PM.png","Screen-shot-2010-07-08-at-2.02.05-PM.png","assets/screenshots/Screen-shot-2010-07-08-at-2.02.05-PM.png",\N,"0","4","2","0"
"106","Image","2010-07-27 17:20:17","2010-07-27 17:20:17","subsite-5.png","subsite-5.png","assets/screenshots/subsite-5.png",\N,"0","4","2","0"
"107","Image","2010-07-27 17:20:17","2010-07-27 17:20:17","subsite-3.png","subsite-3.png","assets/screenshots/subsite-3.png",\N,"0","4","2","0"
"108","Image","2010-07-27 17:20:17","2010-07-27 17:20:17","subsite-2.png","subsite-2.png","assets/screenshots/subsite-2.png",\N,"0","4","2","0"
"109","Image","2010-07-27 17:20:17","2010-07-27 17:20:17","subsite-1.png","subsite-1.png","assets/screenshots/subsite-1.png",\N,"0","4","2","0"
"110","Image","2010-07-28 10:12:05","2010-07-28 10:12:05","subsite-4.png","subsite-4.png","assets/screenshots/subsite-4.png",\N,"0","4","2","0"
"111","Image","2010-07-28 10:12:10","2010-07-28 10:12:10","subsite-6.png","subsite-6.png","assets/screenshots/subsite-6.png",\N,"0","4","2","0"
"112","Image","2010-09-16 08:43:40","2010-09-16 08:43:40","main-1.png","main-1.png","assets/screenshots/main-1.png",\N,"0","4","4","0"
"113","Image","2010-09-16 08:53:45","2010-09-16 08:53:45","metadata.png","metadata.png","assets/screenshots/metadata.png",\N,"0","4","4","0"
"114","Image","2010-09-17 13:47:56","2010-09-17 13:47:56","image.png","image.png","assets/screenshots/image.png",\N,"0","4","4","0"
"115","Image","2010-09-17 13:47:56","2010-09-17 13:47:56","error.png","error.png","assets/screenshots/error.png",\N,"0","4","4","0"
"116","Image","2010-09-17 16:22:58","2010-09-17 16:22:58","heading.png","heading.png","assets/screenshots/heading.png",\N,"0","4","4","0"
"117","Image","2010-09-17 16:52:19","2010-09-17 16:52:19","link.png","link.png","assets/screenshots/link.png",\N,"0","4","4","0"
